Name,Title,Group,Rarity,Icon,BG,ExpansionNum
7-7AdInfinitum,7-7 Ad Infinitum,Unknown,Legendary,Texture2D'/Game/ReDestiny/Textures/Nameplates/Icon/7-7AdInfinitum_Icon.7-7AdInfinitum_Icon',Texture2D'/Game/ReDestiny/Textures/Nameplates/BG/7-7AdInfinitum_BG.7-7AdInfinitum_BG',0
AbAeterno,Ab Aeterno,Unknown,Uncommon,Texture2D'/Game/ReDestiny/Textures/Nameplates/Icon/AbAeterno_Icon.AbAeterno_Icon',Texture2D'/Game/ReDestiny/Textures/Nameplates/BG/AbAeterno_BG.AbAeterno_BG',0
Abraxas,Abraxas,Vendor,Uncommon,Texture2D'/Game/ReDestiny/Textures/Nameplates/Icon/Abraxas_Icon.Abraxas_Icon',Texture2D'/Game/ReDestiny/Textures/Nameplates/BG/Abraxas_BG.Abraxas_BG',0
AbraxasII,Abraxas II,Vendor,Uncommon,Texture2D'/Game/ReDestiny/Textures/Nameplates/Icon/AbraxasII_Icon.AbraxasII_Icon',Texture2D'/Game/ReDestiny/Textures/Nameplates/BG/AbraxasII_BG.AbraxasII_BG',0
AlchemistCast,Alchemist Cast,Vendor,Rare,Texture2D'/Game/ReDestiny/Textures/Nameplates/Icon/AlchemistCast_Icon.AlchemistCast_Icon',Texture2D'/Game/ReDestiny/Textures/Nameplates/BG/AlchemistCast_BG.AlchemistCast_BG',0
Anchor'sEnd,Anchor's End,Unknown,Legendary,Texture2D'/Game/ReDestiny/Textures/Nameplates/Icon/Anchor_sEnd_Icon.Anchor_sEnd_Icon',Texture2D'/Game/ReDestiny/Textures/Nameplates/BG/Anchor_sEnd_BG.Anchor_sEnd_BG',0
Archer'sHope,Archer's Hope,Unknown,Legendary,Texture2D'/Game/ReDestiny/Textures/Nameplates/Icon/Archer_sHope_Icon.Archer_sHope_Icon',Texture2D'/Game/ReDestiny/Textures/Nameplates/BG/Archer_sHope_BG.Archer_sHope_BG',0
Archivist'sSeal,Archivist's Seal,Unknown,Rare,Texture2D'/Game/ReDestiny/Textures/Nameplates/Icon/Archivist_sSeal_Icon.Archivist_sSeal_Icon',Texture2D'/Game/ReDestiny/Textures/Nameplates/BG/Archivist_sSeal_BG.Archivist_sSeal_BG',0
AspectOfBlood,Aspect of Blood,Unknown,Uncommon,Texture2D'/Game/ReDestiny/Textures/Nameplates/Icon/AspectOfBlood_Icon.AspectOfBlood_Icon',Texture2D'/Game/ReDestiny/Textures/Nameplates/BG/AspectOfBlood_BG.AspectOfBlood_BG',0
AspectOfDust,Aspect of Dust,Unknown,Uncommon,Texture2D'/Game/ReDestiny/Textures/Nameplates/Icon/AspectOfDust_Icon.AspectOfDust_Icon',Texture2D'/Game/ReDestiny/Textures/Nameplates/BG/AspectOfDust_BG.AspectOfDust_BG',0
AspectOfShadow,Aspect of Shadow,Unknown,Uncommon,Texture2D'/Game/ReDestiny/Textures/Nameplates/Icon/AspectOfShadow_Icon.AspectOfShadow_Icon',Texture2D'/Game/ReDestiny/Textures/Nameplates/BG/AspectOfShadow_BG.AspectOfShadow_BG',0
BadgeOfTheMonarchy,Badge of the Monarchy,Unknown,Uncommon,Texture2D'/Game/ReDestiny/Textures/Nameplates/Icon/BadgeOfTheMonarchy_Icon.BadgeOfTheMonarchy_Icon',Texture2D'/Game/ReDestiny/Textures/Nameplates/BG/BadgeOfTheMonarchy_BG.BadgeOfTheMonarchy_BG',0
BadgeOfTheMonarchyII,Badge of the Monarchy II,Unknown,Uncommon,Texture2D'/Game/ReDestiny/Textures/Nameplates/Icon/BadgeOfTheMonarchy_Icon.BadgeOfTheMonarchy_Icon',Texture2D'/Game/ReDestiny/Textures/Nameplates/BG/BadgeOfTheMonarchy_BG.BadgeOfTheMonarchy_BG',0
BadgeOfThePatron,Badge of the Patron,Unknown,Rare,Texture2D'/Game/ReDestiny/Textures/Nameplates/Icon/BadgeOfTheMonarchy_Icon.BadgeOfTheMonarchy_Icon',Texture2D'/Game/ReDestiny/Textures/Nameplates/BG/BadgeOfTheMonarchy_BG.BadgeOfTheMonarchy_BG',0
BadgeOfThePatronII,Badge of the Patron II,Unknown,Rare,Texture2D'/Game/ReDestiny/Textures/Nameplates/Icon/BadgeOfTheMonarchy_Icon.BadgeOfTheMonarchy_Icon',Texture2D'/Game/ReDestiny/Textures/Nameplates/BG/BadgeOfTheMonarchy_BG.BadgeOfTheMonarchy_BG',0
Bastet'sDream,Bastet's Dream,Unknown,Legendary,Texture2D'/Game/ReDestiny/Textures/Nameplates/Icon/Bastet_sDream_Icon.Bastet_sDream_Icon',Texture2D'/Game/ReDestiny/Textures/Nameplates/BG/Bastet_sDream_BG.Bastet_sDream_BG',0
BeBrave,Be Brave,Unknown,Legendary,Texture2D'/Game/ReDestiny/Textures/Nameplates/Icon/BeBrave_Icon.BeBrave_Icon',Texture2D'/Game/ReDestiny/Textures/Nameplates/BG/BeBrave_BG.BeBrave_BG',0
BerylCometary,Beryl Cometary,Unknown,Legendary,Texture2D'/Game/ReDestiny/Textures/Nameplates/Icon/BerylCometary_Icon.BerylCometary_Icon',Texture2D'/Game/ReDestiny/Textures/Nameplates/BG/BerylCometary_BG.BerylCometary_BG',0
BindingFocus,Binding Focus,Unknown,Uncommon,Texture2D'/Game/ReDestiny/Textures/Nameplates/Icon/BindingFocus_Icon.BindingFocus_Icon',Texture2D'/Game/ReDestiny/Textures/Nameplates/BG/BindingFocus_BG.BindingFocus_BG',0
BladeOfCrota,Blade of Crota,Unknown,Rare,Texture2D'/Game/ReDestiny/Textures/Nameplates/Icon/BladeOfCrota_Icon.BladeOfCrota_Icon',Texture2D'/Game/ReDestiny/Textures/Nameplates/BG/BladeOfCrota_BG.BladeOfCrota_BG',1
BlessingOfIV,Blessing of IV,Vendor,Legendary,Texture2D'/Game/ReDestiny/Textures/Nameplates/Icon/BlessingOfIV_Icon.BlessingOfIV_Icon',Texture2D'/Game/ReDestiny/Textures/Nameplates/BG/BlessingOfIV_BG.BlessingOfIV_BG',0
BlessingOfMomentum,Blessing of Momentum,Unknown,Legendary,Texture2D'/Game/ReDestiny/Textures/Nameplates/Icon/BlessingOfMomentum_Icon.BlessingOfMomentum_Icon',Texture2D'/Game/ReDestiny/Textures/Nameplates/BG/BlessingOfMomentum_BG.BlessingOfMomentum_BG',0
BlessingOfTheAncients,Blessing of the Ancients,Vendor,Legendary,Texture2D'/Game/ReDestiny/Textures/Nameplates/Icon/BlessingOfTheAncients_Icon.BlessingOfTheAncients_Icon',Texture2D'/Game/ReDestiny/Textures/Nameplates/BG/BlessingOfTheAncients_BG.BlessingOfTheAncients_BG',0
BlessingOfTheGifted,Blessing of the Gifted,Vendor,Legendary,Texture2D'/Game/ReDestiny/Textures/Nameplates/Icon/BlessingOfTheGifted_Icon.BlessingOfTheGifted_Icon',Texture2D'/Game/ReDestiny/Textures/Nameplates/BG/BlessingOfTheGifted_BG.BlessingOfTheGifted_BG',0
BlessingOfTheJoined,Blessing of the Joined,Vendor,Legendary,Texture2D'/Game/ReDestiny/Textures/Nameplates/Icon/BlessingOfTheJoined_Icon.BlessingOfTheJoined_Icon',Texture2D'/Game/ReDestiny/Textures/Nameplates/BG/BlessingOfTheJoined_BG.BlessingOfTheJoined_BG',0
BlessingOfTheKnight,Blessing of the Knight,Vendor,Legendary,Texture2D'/Game/ReDestiny/Textures/Nameplates/Icon/BlessingOfTheKnight_Icon.BlessingOfTheKnight_Icon',Texture2D'/Game/ReDestiny/Textures/Nameplates/BG/BlessingOfTheKnight_BG.BlessingOfTheKnight_BG',0
BlessingOfTheSentinel,Blessing of the Sentinel,Vendor,Legendary,Texture2D'/Game/ReDestiny/Textures/Nameplates/Icon/BlessingOfTheSentinel_Icon.BlessingOfTheSentinel_Icon',Texture2D'/Game/ReDestiny/Textures/Nameplates/BG/BlessingOfTheSentinel_BG.BlessingOfTheSentinel_BG',0
BlessingOfTheSkeptic,Blessing of the Skeptic,Vendor,Legendary,Texture2D'/Game/ReDestiny/Textures/Nameplates/Icon/BlessingOfTheSkeptic_Icon.BlessingOfTheSkeptic_Icon',Texture2D'/Game/ReDestiny/Textures/Nameplates/BG/BlessingOfTheSkeptic_BG.BlessingOfTheSkeptic_BG',0
BlessingOfTheSpeaker,Blessing of the Speaker,Vendor,Legendary,Texture2D'/Game/ReDestiny/Textures/Nameplates/Icon/BlessingOfTheSpeaker_Icon.BlessingOfTheSpeaker_Icon',Texture2D'/Game/ReDestiny/Textures/Nameplates/BG/BlessingOfTheSpeaker_BG.BlessingOfTheSpeaker_BG',0
BlessingOfTheUnmade,Blessing of the Unmade,Vendor,Legendary,Texture2D'/Game/ReDestiny/Textures/Nameplates/Icon/BlessingOfTheUnmade_Icon.BlessingOfTheUnmade_Icon',Texture2D'/Game/ReDestiny/Textures/Nameplates/BG/BlessingOfTheUnmade_BG.BlessingOfTheUnmade_BG',0
BlessingOfTheWatcher,Blessing of the Watcher,Vendor,Legendary,Texture2D'/Game/ReDestiny/Textures/Nameplates/Icon/BlessingOfTheWatcher_Icon.BlessingOfTheWatcher_Icon',Texture2D'/Game/ReDestiny/Textures/Nameplates/BG/BlessingOfTheWatcher_BG.BlessingOfTheWatcher_BG',0
BlessingOfTheZealot,Blessing of the Zealot,Vendor,Legendary,Texture2D'/Game/ReDestiny/Textures/Nameplates/Icon/BlessingOfTheZealot_Icon.BlessingOfTheZealot_Icon',Texture2D'/Game/ReDestiny/Textures/Nameplates/BG/BlessingOfTheZealot_BG.BlessingOfTheZealot_BG',0
BlessingOfWorlds,Blessing of Worlds,Vendor,Legendary,Texture2D'/Game/ReDestiny/Textures/Nameplates/Icon/BlessingOfWorlds_Icon.BlessingOfWorlds_Icon',Texture2D'/Game/ReDestiny/Textures/Nameplates/BG/BlessingOfWorlds_BG.BlessingOfWorlds_BG',0
BombSquad,Bomb Squad,Vendor,Uncommon,Texture2D'/Game/ReDestiny/Textures/Nameplates/Icon/BombSquad_Icon.BombSquad_Icon',Texture2D'/Game/ReDestiny/Textures/Nameplates/BG/BombSquad_BG.BombSquad_BG',0
BombSquadII,Bomb Squad II,Vendor,Uncommon,Texture2D'/Game/ReDestiny/Textures/Nameplates/Icon/BombSquadII_Icon.BombSquadII_Icon',Texture2D'/Game/ReDestiny/Textures/Nameplates/BG/BombSquadII_BG.BombSquadII_BG',0
BornOfFire,Born of Fire,Vendor,Rare,Texture2D'/Game/ReDestiny/Textures/Nameplates/Icon/BornOfFire_Icon.BornOfFire_Icon',Texture2D'/Game/ReDestiny/Textures/Nameplates/BG/BornOfFire_BG.BornOfFire_BG',0
Cassoid,Cassoid,Vendor,Uncommon,Texture2D'/Game/ReDestiny/Textures/Nameplates/Icon/Cassoid_Icon.Cassoid_Icon',Texture2D'/Game/ReDestiny/Textures/Nameplates/BG/Cassoid_BG.Cassoid_BG',0
CityForce,City Force,Unknown,Uncommon,Texture2D'/Game/ReDestiny/Textures/Nameplates/Icon/CityForce_Icon.CityForce_Icon',Texture2D'/Game/ReDestiny/Textures/Nameplates/BG/CityForce_BG.CityForce_BG',0
Command,Command,Vendor,Uncommon,Texture2D'/Game/ReDestiny/Textures/Nameplates/Icon/Command_Icon.Command_Icon',Texture2D'/Game/ReDestiny/Textures/Nameplates/BG/Command_BG.Command_BG',0
CommanderCrest,Commander Crest,Unknown,Uncommon,Texture2D'/Game/ReDestiny/Textures/Nameplates/Icon/CommanderCrest_Icon.CommanderCrest_Icon',Texture2D'/Game/ReDestiny/Textures/Nameplates/BG/CommanderCrest_BG.CommanderCrest_BG',0
CommandII,Command II,Vendor,Uncommon,Texture2D'/Game/ReDestiny/Textures/Nameplates/Icon/CommandII_Icon.CommandII_Icon',Texture2D'/Game/ReDestiny/Textures/Nameplates/BG/CommandII_BG.CommandII_BG',0
Corsair'sBadge,Corsair's Badge,Unknown,Legendary,Texture2D'/Game/ReDestiny/Textures/Nameplates/Icon/Corsair_sBadge_Icon.Corsair_sBadge_Icon',Texture2D'/Game/ReDestiny/Textures/Nameplates/BG/Corsair_sBadge_BG.Corsair_sBadge_BG',2
CrestOfTheGravesinger,Crest of the Gravesinger,Vendor,Rare,Texture2D'/Game/ReDestiny/Textures/Nameplates/Icon/CrestOfTheGravesinger_Icon.CrestOfTheGravesinger_Icon',Texture2D'/Game/ReDestiny/Textures/Nameplates/BG/CrestOfTheGravesinger_BG.CrestOfTheGravesinger_BG',0
CrestOfVelocity,Crest of Velocity,Unknown,Legendary,Texture2D'/Game/ReDestiny/Textures/Nameplates/Icon/CrestOfVelocity_Icon.CrestOfVelocity_Icon',Texture2D'/Game/ReDestiny/Textures/Nameplates/BG/CrestOfVelocity_BG.CrestOfVelocity_BG',0
CrimsonCrest,Crimson Crest,Unknown,Legendary,Texture2D'/Game/ReDestiny/Textures/Nameplates/Icon/CrimsonCrest_Icon.CrimsonCrest_Icon',Texture2D'/Game/ReDestiny/Textures/Nameplates/BG/CrimsonCrest_BG.CrimsonCrest_BG',0
Crota'sEnd,Crota's End,Unknown,Legendary,Texture2D'/Game/ReDestiny/Textures/Nameplates/Icon/Crota_sEnd_Icon.Crota_sEnd_Icon',Texture2D'/Game/ReDestiny/Textures/Nameplates/BG/Crota_sEnd_BG.Crota_sEnd_BG',0
CrownOfTheNewMonarchy,Crown of the New Monarchy,Unknown,Legendary,Texture2D'/Game/ReDestiny/Textures/Nameplates/Icon/CrownOfTheNewMonarchy_Icon.CrownOfTheNewMonarchy_Icon',Texture2D'/Game/ReDestiny/Textures/Nameplates/BG/CrownOfTheNewMonarchy_BG.CrownOfTheNewMonarchy_BG',0
CrownOfTheSovereign,Crown of the Sovereign,Unknown,Legendary,Texture2D'/Game/ReDestiny/Textures/Nameplates/Icon/CrownOfTheSovereign_Icon.CrownOfTheSovereign_Icon',Texture2D'/Game/ReDestiny/Textures/Nameplates/BG/CrownOfTheSovereign_BG.CrownOfTheSovereign_BG',0
CruxSlashLomar,Crux/Lomar,Vendor,Uncommon,Texture2D'/Game/ReDestiny/Textures/Nameplates/Icon/CruxSlashLomar_Icon.CruxSlashLomar_Icon',Texture2D'/Game/ReDestiny/Textures/Nameplates/BG/CruxSlashLomar_BG.CruxSlashLomar_BG',0
CryptoShift,Crypto Shift,Vendor,Uncommon,Texture2D'/Game/ReDestiny/Textures/Nameplates/Icon/CryptoShift_Icon.CryptoShift_Icon',Texture2D'/Game/ReDestiny/Textures/Nameplates/BG/CryptoShift_BG.CryptoShift_BG',0
CryptoShiftII,Crypto Shift II,Vendor,Uncommon,Texture2D'/Game/ReDestiny/Textures/Nameplates/Icon/CryptoShiftII_Icon.CryptoShiftII_Icon',Texture2D'/Game/ReDestiny/Textures/Nameplates/BG/CryptoShiftII_BG.CryptoShiftII_BG',0
CyclopsMind,Cyclops Mind,Vendor,Uncommon,Texture2D'/Game/ReDestiny/Textures/Nameplates/Icon/CyclopsMind_Icon.CyclopsMind_Icon',Texture2D'/Game/ReDestiny/Textures/Nameplates/BG/CyclopsMind_BG.CyclopsMind_BG',0
CyclopsMindII,Cyclops Mind II,Vendor,Uncommon,Texture2D'/Game/ReDestiny/Textures/Nameplates/Icon/CyclopsMindII_Icon.CyclopsMindII_Icon',Texture2D'/Game/ReDestiny/Textures/Nameplates/BG/CyclopsMindII_BG.CyclopsMindII_BG',0
Daito,Daito,Vendor,Uncommon,Texture2D'/Game/ReDestiny/Textures/Nameplates/Icon/Daito_Icon.Daito_Icon',Texture2D'/Game/ReDestiny/Textures/Nameplates/BG/Daito_BG.Daito_BG',0
DarkHarvest,Dark Harvest,Unknown,Uncommon,Texture2D'/Game/ReDestiny/Textures/Nameplates/Icon/DarkHarvest_Icon.DarkHarvest_Icon',Texture2D'/Game/ReDestiny/Textures/Nameplates/BG/DarkHarvest_BG.DarkHarvest_BG',1
DawnOfDestiny,Dawn of Destiny,Unknown,Legendary,Texture2D'/Game/ReDestiny/Textures/Nameplates/Icon/DawnOfDestiny_Icon.DawnOfDestiny_Icon',Texture2D'/Game/ReDestiny/Textures/Nameplates/BG/DawnOfDestiny_BG.DawnOfDestiny_BG',0
DeadZoneMemento,Dead Zone Memento,Vendor,Rare,Texture2D'/Game/ReDestiny/Textures/Nameplates/Icon/DeadZoneMemento_Icon.DeadZoneMemento_Icon',Texture2D'/Game/ReDestiny/Textures/Nameplates/BG/DeadZoneMemento_BG.DeadZoneMemento_BG',0
DevilUndone,Devil Undone,Unknown,Legendary,Texture2D'/Game/ReDestiny/Textures/Nameplates/Icon/DevilUndone_Icon.DevilUndone_Icon',Texture2D'/Game/ReDestiny/Textures/Nameplates/BG/DevilUndone_BG.DevilUndone_BG',0
DevourerOfLight,Devourer of Light,Unknown,Legendary,Texture2D'/Game/ReDestiny/Textures/Nameplates/Icon/DevourerOfLight_Icon.DevourerOfLight_Icon',Texture2D'/Game/ReDestiny/Textures/Nameplates/BG/DevourerOfLight_BG.DevourerOfLight_BG',0
Dragoon,Dragoon,TTK,Uncommon,Texture2D'/Game/ReDestiny/Textures/Nameplates/Icon/Dragoon_Icon.Dragoon_Icon',Texture2D'/Game/ReDestiny/Textures/Nameplates/BG/Dragoon_BG.Dragoon_BG',1
Earthborn,Earthborn,Unknown,Legendary,Texture2D'/Game/ReDestiny/Textures/Nameplates/Icon/Earthborn_Icon.Earthborn_Icon',Texture2D'/Game/ReDestiny/Textures/Nameplates/BG/Earthborn_BG.Earthborn_BG',0
EchoOfShatteredSuns,Echo of Shattered Suns,Vendor,Rare,Texture2D'/Game/ReDestiny/Textures/Nameplates/Icon/EchoOfShatteredSuns_Icon.EchoOfShatteredSuns_Icon',Texture2D'/Game/ReDestiny/Textures/Nameplates/BG/EchoOfShatteredSuns_BG.EchoOfShatteredSuns_BG',0
ElementOfTheDeadSun,Element of the Dead Sun,Unknown,Rare,Texture2D'/Game/ReDestiny/Textures/Nameplates/Icon/ElementOfTheDeadSun_Icon.ElementOfTheDeadSun_Icon',Texture2D'/Game/ReDestiny/Textures/Nameplates/BG/ElementOfTheDeadSun_BG.ElementOfTheDeadSun_BG',0
ElementOfTheShifter,Element of the Shifter,Unknown,Rare,Texture2D'/Game/ReDestiny/Textures/Nameplates/Icon/ElementOfTheShifter_Icon.ElementOfTheShifter_Icon',Texture2D'/Game/ReDestiny/Textures/Nameplates/BG/ElementOfTheShifter_BG.ElementOfTheShifter_BG',0
EmeraldRook,Emerald Rook,Vendor,Rare,Texture2D'/Game/ReDestiny/Textures/Nameplates/Icon/EmeraldRook_Icon.EmeraldRook_Icon',Texture2D'/Game/ReDestiny/Textures/Nameplates/BG/EmeraldRook_BG.EmeraldRook_BG',0
EmperorSigil,Emperor Sigil,Unknown,Legendary,Texture2D'/Game/ReDestiny/Textures/Nameplates/Icon/EmperorSigil_Icon.EmperorSigil_Icon',Texture2D'/Game/ReDestiny/Textures/Nameplates/BG/EmperorSigil_BG.EmperorSigil_BG',0
ErisMorn,Eris Morn,Unknown,Rare,Texture2D'/Game/ReDestiny/Textures/Nameplates/Icon/ErisMorn_Icon.ErisMorn_Icon',Texture2D'/Game/ReDestiny/Textures/Nameplates/BG/ErisMorn_BG.ErisMorn_BG',1
Executor'sRedMark,Executor's Red Mark,Unknown,Legendary,Texture2D'/Game/ReDestiny/Textures/Nameplates/Icon/Executor_sRedMark_Icon.Executor_sRedMark_Icon',Texture2D'/Game/ReDestiny/Textures/Nameplates/BG/Executor_sRedMark_BG.Executor_sRedMark_BG',0
Exomoon,Exomoon,Unknown,Legendary,Texture2D'/Game/ReDestiny/Textures/Nameplates/Icon/Exomoon_Icon.Exomoon_Icon',Texture2D'/Game/ReDestiny/Textures/Nameplates/BG/Exomoon_BG.Exomoon_BG',0
EyeOfEternity,Eye of Eternity,Unknown,Legendary,Texture2D'/Game/ReDestiny/Textures/Nameplates/Icon/EyeOfEternity_Icon.EyeOfEternity_Icon',Texture2D'/Game/ReDestiny/Textures/Nameplates/BG/EyeOfEternity_BG.EyeOfEternity_BG',0
EyeOfOsiris,Eye of Osiris,Unknown,Exotic,Texture2D'/Game/ReDestiny/Textures/Nameplates/Icon/EyeOfOsiris_Icon.EyeOfOsiris_Icon',Texture2D'/Game/ReDestiny/Textures/Nameplates/BG/EyeOfOsiris_BG.EyeOfOsiris_BG',0
EyeOfTheStorm,Eye of the Storm,Unknown,Legendary,Texture2D'/Game/ReDestiny/Textures/Nameplates/Icon/EyeOfTheStorm_Icon.EyeOfTheStorm_Icon',Texture2D'/Game/ReDestiny/Textures/Nameplates/BG/EyeOfTheStorm_BG.EyeOfTheStorm_BG',0
FieldOfLight,Field of Light,Unknown,Uncommon,Texture2D'/Game/ReDestiny/Textures/Nameplates/Icon/FieldOfLight_Icon.FieldOfLight_Icon',Texture2D'/Game/ReDestiny/Textures/Nameplates/BG/FieldOfLight_BG.FieldOfLight_BG',0
FirmDecree,Firm Decree,Unknown,Legendary,Texture2D'/Game/ReDestiny/Textures/Nameplates/Icon/FirmDecree_Icon.FirmDecree_Icon',Texture2D'/Game/ReDestiny/Textures/Nameplates/BG/FirmDecree_BG.FirmDecree_BG',2
FlamesOfForgottenTruth,Flames of Forgotten Truth,Unknown,Uncommon,Texture2D'/Game/ReDestiny/Textures/Nameplates/Icon/FlamesOfForgottenTruth_Icon.FlamesOfForgottenTruth_Icon',Texture2D'/Game/ReDestiny/Textures/Nameplates/BG/FlamesOfForgottenTruth_BG.FlamesOfForgottenTruth_BG',0
FlowOfKnowledge,Flow of Knowledge,TTK,Legendary,Texture2D'/Game/ReDestiny/Textures/Nameplates/Icon/FlowOfKnowledge_Icon.FlowOfKnowledge_Icon',Texture2D'/Game/ReDestiny/Textures/Nameplates/BG/FlowOfKnowledge_BG.FlowOfKnowledge_BG',0
Founder'sSeal,Founder's Seal,Unknown,Uncommon,Texture2D'/Game/ReDestiny/Textures/Nameplates/Icon/Founder_sSeal_Icon.Founder_sSeal_Icon',Texture2D'/Game/ReDestiny/Textures/Nameplates/BG/Founder_sSeal_BG.Founder_sSeal_BG',0
Frame'sHonor,Frame's Honor,Unknown,Legendary,Texture2D'/Game/ReDestiny/Textures/Nameplates/Icon/Frame_sHonor_Icon.Frame_sHonor_Icon',Texture2D'/Game/ReDestiny/Textures/Nameplates/BG/Frame_sHonor_BG.Frame_sHonor_BG',0
FramesOfMind,Frames of Mind,Unknown,Legendary,Texture2D'/Game/ReDestiny/Textures/Nameplates/Icon/FramesOfMind_Icon.FramesOfMind_Icon',Texture2D'/Game/ReDestiny/Textures/Nameplates/BG/FramesOfMind_BG.FramesOfMind_BG',0
"FromHere,TheStars","From Here, the Stars",Unknown,Uncommon,Texture2D'/Game/ReDestiny/Textures/Nameplates/Icon/FromHere_TheStars_Icon.FromHere_TheStars_Icon',Texture2D'/Game/ReDestiny/Textures/Nameplates/BG/FromHere_TheStars_BG.FromHere_TheStars_BG',0
GenGolgotha,Gen Golgotha,Vendor,Uncommon,Texture2D'/Game/ReDestiny/Textures/Nameplates/Icon/GenGolgotha_Icon.GenGolgotha_Icon',Texture2D'/Game/ReDestiny/Textures/Nameplates/BG/GenGolgotha_BG.GenGolgotha_BG',0
GenGolgothaII,Gen Golgotha II,Vendor,Uncommon,Texture2D'/Game/ReDestiny/Textures/Nameplates/Icon/GenGolgothaII_Icon.GenGolgothaII_Icon',Texture2D'/Game/ReDestiny/Textures/Nameplates/BG/GenGolgothaII_BG.GenGolgothaII_BG',0
Häkke,Häkke,Vendor,Uncommon,Texture2D'/Game/ReDestiny/Textures/Nameplates/Icon/Häkke_Icon.Häkke_Icon',Texture2D'/Game/ReDestiny/Textures/Nameplates/BG/Häkke_BG.Häkke_BG',0
HearTheCall,Hear the Call,Unknown,Legendary,Texture2D'/Game/ReDestiny/Textures/Nameplates/Icon/HearTheCall_Icon.HearTheCall_Icon',Texture2D'/Game/ReDestiny/Textures/Nameplates/BG/HearTheCall_BG.HearTheCall_BG',0
HeartOfTheFoundation,Heart of the Foundation,Unknown,Legendary,Texture2D'/Game/ReDestiny/Textures/Nameplates/Icon/HeartOfTheFoundation_Icon.HeartOfTheFoundation_Icon',Texture2D'/Game/ReDestiny/Textures/Nameplates/BG/HeartOfTheFoundation_BG.HeartOfTheFoundation_BG',0
Hexacon4,Hexacon 4,Unknown,Legendary,Texture2D'/Game/ReDestiny/Textures/Nameplates/Icon/Hexacon4_Icon.Hexacon4_Icon',Texture2D'/Game/ReDestiny/Textures/Nameplates/BG/Hexacon4_BG.Hexacon4_BG',0
HicJacet,Hic Jacet,Unknown,Legendary,Texture2D'/Game/ReDestiny/Textures/Nameplates/Icon/HicJacet_Icon.HicJacet_Icon',Texture2D'/Game/ReDestiny/Textures/Nameplates/BG/HicJacet_BG.HicJacet_BG',0
HoneybeeIV,Honeybee IV,Vendor,Uncommon,Texture2D'/Game/ReDestiny/Textures/Nameplates/Icon/HoneybeeIV_Icon.HoneybeeIV_Icon',Texture2D'/Game/ReDestiny/Textures/Nameplates/BG/HoneybeeIV_BG.HoneybeeIV_BG',0
HonorOfBlades,Honor of Blades,Vendor,Uncommon,Texture2D'/Game/ReDestiny/Textures/Nameplates/Icon/HonorOfBlades_Icon.HonorOfBlades_Icon',Texture2D'/Game/ReDestiny/Textures/Nameplates/BG/HonorOfBlades_BG.HonorOfBlades_BG',0
HouseOfJudgement,House of Judgement,TTK,Legendary,Texture2D'/Game/ReDestiny/Textures/Nameplates/Icon/HouseOfJudgement_Icon.HouseOfJudgement_Icon',Texture2D'/Game/ReDestiny/Textures/Nameplates/BG/HouseOfJudgement_BG.HouseOfJudgement_BG',0
IllusionOfLight,Illusion of Light,Unknown,Uncommon,Texture2D'/Game/ReDestiny/Textures/Nameplates/Icon/IllusionOfLight_Icon.IllusionOfLight_Icon',Texture2D'/Game/ReDestiny/Textures/Nameplates/BG/IllusionOfLight_BG.IllusionOfLight_BG',0
Infinitesimal,Infinitesimal,Unknown,Legendary,Texture2D'/Game/ReDestiny/Textures/Nameplates/Icon/Infinitesimal_Icon.Infinitesimal_Icon',Texture2D'/Game/ReDestiny/Textures/Nameplates/BG/Infinitesimal_BG.Infinitesimal_BG',0
InsulaThesauraria,Insula Thesauraria,Unknown,Legendary,Texture2D'/Game/ReDestiny/Textures/Nameplates/Icon/InsulaThesauraria_Icon.InsulaThesauraria_Icon',Texture2D'/Game/ReDestiny/Textures/Nameplates/BG/InsulaThesauraria_BG.InsulaThesauraria_BG',0
IronPride,Iron Pride,Unknown,Legendary,Texture2D'/Game/ReDestiny/Textures/Nameplates/Icon/IronPride_Icon.IronPride_Icon',Texture2D'/Game/ReDestiny/Textures/Nameplates/BG/IronPride_BG.IronPride_BG',0
IronwoodAlight,Ironwood Alight,Unknown,Legendary,Texture2D'/Game/ReDestiny/Textures/Nameplates/Icon/IronwoodAlight_Icon.IronwoodAlight_Icon',Texture2D'/Game/ReDestiny/Textures/Nameplates/BG/IronwoodAlight_BG.IronwoodAlight_BG',0
JadeRabbitInsignia,Jade Rabbit Insignia,Vendor,Rare,Texture2D'/Game/ReDestiny/Textures/Nameplates/Icon/JadeRabbitInsignia_Icon.JadeRabbitInsignia_Icon',Texture2D'/Game/ReDestiny/Textures/Nameplates/BG/JadeRabbitInsignia_BG.JadeRabbitInsignia_BG',0
Judgment'sRightHand,Judgment's Right Hand,Unknown,Legendary,Texture2D'/Game/ReDestiny/Textures/Nameplates/Icon/Judgment_sRightHand_Icon.Judgment_sRightHand_Icon',Texture2D'/Game/ReDestiny/Textures/Nameplates/BG/Judgment_sRightHand_BG.Judgment_sRightHand_BG',2
Kellbreaker,Kellbreaker,Unknown,Legendary,Texture2D'/Game/ReDestiny/Textures/Nameplates/Icon/Kellbreaker_Icon.Kellbreaker_Icon',Texture2D'/Game/ReDestiny/Textures/Nameplates/BG/Kellbreaker_BG.Kellbreaker_BG',2
Kingsbane,Kingsbane,Unknown,Legendary,Texture2D'/Game/ReDestiny/Textures/Nameplates/Icon/Kingsbane_Icon.Kingsbane_Icon',Texture2D'/Game/ReDestiny/Textures/Nameplates/BG/Kingsbane_BG.Kingsbane_BG',0
LaureaPrima,Laurea Prima,Unknown,Legendary,Texture2D'/Game/ReDestiny/Textures/Nameplates/Icon/LaureaPrima_Icon.LaureaPrima_Icon',Texture2D'/Game/ReDestiny/Textures/Nameplates/BG/LaureaPrima_BG.LaureaPrima_BG',0
LittleLight,Little Light,Vendor,Rare,Texture2D'/Game/ReDestiny/Textures/Nameplates/Icon/LittleLight_Icon.LittleLight_Icon',Texture2D'/Game/ReDestiny/Textures/Nameplates/BG/LittleLight_BG.LittleLight_BG',0
"LoneFocus,JaggedEdge","Lone Focus, Jagged Edge",Unknown,Uncommon,Texture2D'/Game/ReDestiny/Textures/Nameplates/Icon/LoneFocus_JaggedEdge_Icon.LoneFocus_JaggedEdge_Icon',Texture2D'/Game/ReDestiny/Textures/Nameplates/BG/LoneFocus_JaggedEdge_BG.LoneFocus_JaggedEdge_BG',0
LostAndFoundries,Lost and Foundries,Unknown,Legendary,Texture2D'/Game/ReDestiny/Textures/Nameplates/Icon/LostAndFoundries_Icon.LostAndFoundries_Icon',Texture2D'/Game/ReDestiny/Textures/Nameplates/BG/LostAndFoundries_BG.LostAndFoundries_BG',0
MachinaSacra,Machina Sacra,Unknown,Legendary,Texture2D'/Game/ReDestiny/Textures/Nameplates/Icon/MachinaSacra_Icon.MachinaSacra_Icon',Texture2D'/Game/ReDestiny/Textures/Nameplates/BG/MachinaSacra_BG.MachinaSacra_BG',0
MachineGod'sBane,Machine God's Bane,Unknown,Legendary,Texture2D'/Game/ReDestiny/Textures/Nameplates/Icon/MachineGod_sBane_Icon.MachineGod_sBane_Icon',Texture2D'/Game/ReDestiny/Textures/Nameplates/BG/MachineGod_sBane_BG.MachineGod_sBane_BG',0
Mammoth,Mammoth,Vendor,Uncommon,Texture2D'/Game/ReDestiny/Textures/Nameplates/Icon/Mammoth_Icon.Mammoth_Icon',Texture2D'/Game/ReDestiny/Textures/Nameplates/BG/Mammoth_BG.Mammoth_BG',0
MammothII,Mammoth II,Vendor,Uncommon,Texture2D'/Game/ReDestiny/Textures/Nameplates/Icon/MammothII_Icon.MammothII_Icon',Texture2D'/Game/ReDestiny/Textures/Nameplates/BG/MammothII_BG.MammothII_BG',0
MartiusMomentum,Martius Momentum,Unknown,Legendary,Texture2D'/Game/ReDestiny/Textures/Nameplates/Icon/MartiusMomentum_Icon.MartiusMomentum_Icon',Texture2D'/Game/ReDestiny/Textures/Nameplates/BG/MartiusMomentum_BG.MartiusMomentum_BG',0
MemoriesOfIron,Memories of Iron,Unknown,Legendary,Texture2D'/Game/ReDestiny/Textures/Nameplates/Icon/MemoriesOfIron_Icon.MemoriesOfIron_Icon',Texture2D'/Game/ReDestiny/Textures/Nameplates/BG/MemoriesOfIron_BG.MemoriesOfIron_BG',0
Mentor'sBadge,Mentor's Badge,Unknown,Rare,Texture2D'/Game/ReDestiny/Textures/Nameplates/Icon/Mentor_sBadge_Icon.Mentor_sBadge_Icon',Texture2D'/Game/ReDestiny/Textures/Nameplates/BG/Mentor_sBadge_BG.Mentor_sBadge_BG',0
MercyOfMotion,Mercy of Motion,Unknown,Legendary,Texture2D'/Game/ReDestiny/Textures/Nameplates/Icon/MercyOfMotion_Icon.MercyOfMotion_Icon',Texture2D'/Game/ReDestiny/Textures/Nameplates/BG/MercyOfMotion_BG.MercyOfMotion_BG',0
MidnightHunt,Midnight Hunt,Unknown,Legendary,Texture2D'/Game/ReDestiny/Textures/Nameplates/Icon/MidnightHunt_Icon.MidnightHunt_Icon',Texture2D'/Game/ReDestiny/Textures/Nameplates/BG/MidnightHunt_BG.MidnightHunt_BG',0
MightOfVulcan,Might of Vulcan,Unknown,Legendary,Texture2D'/Game/ReDestiny/Textures/Nameplates/Icon/MightOfVulcan_Icon.MightOfVulcan_Icon',Texture2D'/Game/ReDestiny/Textures/Nameplates/BG/MightOfVulcan_BG.MightOfVulcan_BG',0
MoonOfOsiris,Moon of Osiris,Unknown,Legendary,Texture2D'/Game/ReDestiny/Textures/Nameplates/Icon/MoonOfOsiris_Icon.MoonOfOsiris_Icon',Texture2D'/Game/ReDestiny/Textures/Nameplates/BG/MoonOfOsiris_BG.MoonOfOsiris_BG',0
Nadir,Nadir,Vendor,Uncommon,Texture2D'/Game/ReDestiny/Textures/Nameplates/Icon/Nadir_Icon.Nadir_Icon',Texture2D'/Game/ReDestiny/Textures/Nameplates/BG/Nadir_BG.Nadir_BG',0
"NoPuppet,I","No Puppet, I",TTK,Rare,Texture2D'/Game/ReDestiny/Textures/Nameplates/Icon/NoPuppet_I_Icon.NoPuppet_I_Icon',Texture2D'/Game/ReDestiny/Textures/Nameplates/BG/NoPuppet_I_BG.NoPuppet_I_BG',0
NoteOfConquest,Note of Conquest,Unknown,Uncommon,Texture2D'/Game/ReDestiny/Textures/Nameplates/Icon/NoteOfConquest_Icon.NoteOfConquest_Icon',Texture2D'/Game/ReDestiny/Textures/Nameplates/BG/NoteOfConquest_BG.NoteOfConquest_BG',0
OfficerCrest,Officer Crest,Unknown,Uncommon,Texture2D'/Game/ReDestiny/Textures/Nameplates/Icon/OfficerCrest_Icon.OfficerCrest_Icon',Texture2D'/Game/ReDestiny/Textures/Nameplates/BG/OfficerCrest_BG.OfficerCrest_BG',0
OffToTheRaces,Off to the Races,Unknown,Rare,Texture2D'/Game/ReDestiny/Textures/Nameplates/Icon/OffToTheRaces_Icon.OffToTheRaces_Icon',Texture2D'/Game/ReDestiny/Textures/Nameplates/BG/OffToTheRaces_BG.OffToTheRaces_BG',0
OfLightAndHunger,Of Light and Hunger,Unknown,Legendary,Texture2D'/Game/ReDestiny/Textures/Nameplates/Icon/OfLightAndHunger_Icon.OfLightAndHunger_Icon',Texture2D'/Game/ReDestiny/Textures/Nameplates/BG/OfLightAndHunger_BG.OfLightAndHunger_BG',0
OmenOfChaos,Omen of Chaos,Unknown,Rare,Texture2D'/Game/ReDestiny/Textures/Nameplates/Icon/OmenOfTheDeadII_Icon.OmenOfTheDeadII_Icon',Texture2D'/Game/ReDestiny/Textures/Nameplates/BG/OmenOfTheDeadII_BG.OmenOfTheDeadII_BG',0
OmenOfChaosII,Omen of Chaos II,Unknown,Rare,Texture2D'/Game/ReDestiny/Textures/Nameplates/Icon/OmenOfTheDeadII_Icon.OmenOfTheDeadII_Icon',Texture2D'/Game/ReDestiny/Textures/Nameplates/BG/OmenOfTheDeadII_BG.OmenOfTheDeadII_BG',0
OmenOfTheDead,Omen of the Dead,Unknown,Uncommon,Texture2D'/Game/ReDestiny/Textures/Nameplates/Icon/OmenOfTheDead_Icon.OmenOfTheDead_Icon',Texture2D'/Game/ReDestiny/Textures/Nameplates/BG/OmenOfTheDead_BG.OmenOfTheDead_BG',0
OmenOfTheDeadII,Omen of the Dead II,Unknown,Uncommon,Texture2D'/Game/ReDestiny/Textures/Nameplates/Icon/OmenOfTheDeadII_Icon.OmenOfTheDeadII_Icon',Texture2D'/Game/ReDestiny/Textures/Nameplates/BG/OmenOfTheDeadII_BG.OmenOfTheDeadII_BG',0
OmenOfTheDecayer,Omen of the Decayer,Unknown,Legendary,Texture2D'/Game/ReDestiny/Textures/Nameplates/Icon/OmenOfTheDecayer_Icon.OmenOfTheDecayer_Icon',Texture2D'/Game/ReDestiny/Textures/Nameplates/BG/OmenOfTheDecayer_BG.OmenOfTheDecayer_BG',0
OmenOfTheExodus,Omen of the Exodus,Unknown,Legendary,Texture2D'/Game/ReDestiny/Textures/Nameplates/Icon/OmenOfTheExodus_Icon.OmenOfTheExodus_Icon',Texture2D'/Game/ReDestiny/Textures/Nameplates/BG/OmenOfTheExodus_BG.OmenOfTheExodus_BG',0
Omolon,Omolon,Vendor,Uncommon,Texture2D'/Game/ReDestiny/Textures/Nameplates/Icon/Omolon_Icon.Omolon_Icon',Texture2D'/Game/ReDestiny/Textures/Nameplates/BG/Omolon_BG.Omolon_BG',0
OnTheEdge,On the Edge,Unknown,Legendary,Texture2D'/Game/ReDestiny/Textures/Nameplates/Icon/OnTheEdge_Icon.OnTheEdge_Icon',Texture2D'/Game/ReDestiny/Textures/Nameplates/BG/OnTheEdge_BG.OnTheEdge_BG',0
OurKingdom,Our Kingdom,TTK,Rare,Texture2D'/Game/ReDestiny/Textures/Nameplates/Icon/OurKingdom_Icon.OurKingdom_Icon',Texture2D'/Game/ReDestiny/Textures/Nameplates/BG/OurKingdom_BG.OurKingdom_BG',0
PaeanOfResplendence,Paean of Resplendence,Unknown,Legendary,Texture2D'/Game/ReDestiny/Textures/Nameplates/Icon/PaeanOfResplendence_Icon.PaeanOfResplendence_Icon',Texture2D'/Game/ReDestiny/Textures/Nameplates/BG/PaeanOfResplendence_BG.PaeanOfResplendence_BG',0
Paladin'sBlazon,Paladin's Blazon,Unknown,Legendary,Texture2D'/Game/ReDestiny/Textures/Nameplates/Icon/Paladin_sBlazon_Icon.Paladin_sBlazon_Icon',Texture2D'/Game/ReDestiny/Textures/Nameplates/BG/Paladin_sBlazon_BG.Paladin_sBlazon_BG',2
PathfinderSign,Pathfinder Sign,Unknown,Rare,Texture2D'/Game/ReDestiny/Textures/Nameplates/Icon/PathfinderSign_Icon.PathfinderSign_Icon',Texture2D'/Game/ReDestiny/Textures/Nameplates/BG/PathfinderSign_BG.PathfinderSign_BG',0
PrideOfNepal,Pride of Nepal,Unknown,Legendary,Texture2D'/Game/ReDestiny/Textures/Nameplates/Icon/PrideOfNepal_Icon.PrideOfNepal_Icon',Texture2D'/Game/ReDestiny/Textures/Nameplates/BG/PrideOfNepal_BG.PrideOfNepal_BG',0
PrinceSigil,Prince Sigil,Unknown,Rare,Texture2D'/Game/ReDestiny/Textures/Nameplates/Icon/PrinceSigil_Icon.PrinceSigil_Icon',Texture2D'/Game/ReDestiny/Textures/Nameplates/BG/PrinceSigil_BG.PrinceSigil_BG',0
PrisonOfEldersI,Prison of EldersI,TTK,Legendary,Texture2D'/Game/ReDestiny/Textures/Nameplates/Icon/PrisonOfEldersI_Icon.PrisonOfEldersI_Icon',Texture2D'/Game/ReDestiny/Textures/Nameplates/BG/PrisonOfEldersI_BG.PrisonOfEldersI_BG',0
PrisonOfEldersII,Prison of Elders II,TTK,Legendary,Texture2D'/Game/ReDestiny/Textures/Nameplates/Icon/PrisonOfEldersII_Icon.PrisonOfEldersII_Icon',Texture2D'/Game/ReDestiny/Textures/Nameplates/BG/PrisonOfEldersII_BG.PrisonOfEldersII_BG',0
Queen'sGuardCrest,Queen's Guard Crest,Unknown,Legendary,Texture2D'/Game/ReDestiny/Textures/Nameplates/Icon/Queen_sGuardCrest_Icon.Queen_sGuardCrest_Icon',Texture2D'/Game/ReDestiny/Textures/Nameplates/BG/Queen_sGuardCrest_BG.Queen_sGuardCrest_BG',0
Resurrectionist,Resurrectionist,Unknown,Legendary,Texture2D'/Game/ReDestiny/Textures/Nameplates/Icon/Resurrectionist_Icon.Resurrectionist_Icon',Texture2D'/Game/ReDestiny/Textures/Nameplates/BG/Resurrectionist_BG.Resurrectionist_BG',0
Revolver,Revolver,Vendor,Uncommon,Texture2D'/Game/ReDestiny/Textures/Nameplates/Icon/Revolver_Icon.Revolver_Icon',Texture2D'/Game/ReDestiny/Textures/Nameplates/BG/Revolver_BG.Revolver_BG',0
RisingLight,Rising Light,Unknown,Uncommon,Texture2D'/Game/ReDestiny/Textures/Nameplates/Icon/RisingLight_Icon.RisingLight_Icon',Texture2D'/Game/ReDestiny/Textures/Nameplates/BG/RisingLight_BG.RisingLight_BG',0
RuneOfTheAdept,Rune of the Adept,Unknown,Uncommon,Texture2D'/Game/ReDestiny/Textures/Nameplates/Icon/RuneOfTheAdept_Icon.RuneOfTheAdept_Icon',Texture2D'/Game/ReDestiny/Textures/Nameplates/BG/RuneOfTheAdept_BG.RuneOfTheAdept_BG',0
RuneOfTheDisciple,Rune of the Disciple,Unknown,Uncommon,Texture2D'/Game/ReDestiny/Textures/Nameplates/Icon/RuneOfTheDisciple_Icon.RuneOfTheDisciple_Icon',Texture2D'/Game/ReDestiny/Textures/Nameplates/BG/RuneOfTheDisciple_BG.RuneOfTheDisciple_BG',0
RuneOfTheMachine,Rune of the Machine,Vendor,Rare,Texture2D'/Game/ReDestiny/Textures/Nameplates/Icon/RuneOfTheMachine_Icon.RuneOfTheMachine_Icon',Texture2D'/Game/ReDestiny/Textures/Nameplates/BG/RuneOfTheMachine_BG.RuneOfTheMachine_BG',0
RuneOfTheOracle,Rune of the Oracle,Unknown,Uncommon,Texture2D'/Game/ReDestiny/Textures/Nameplates/Icon/RuneOfTheOracle_Icon.RuneOfTheOracle_Icon',Texture2D'/Game/ReDestiny/Textures/Nameplates/BG/RuneOfTheOracle_BG.RuneOfTheOracle_BG',0
ScarabHeart,Scarab Heart,Unknown,Legendary,Texture2D'/Game/ReDestiny/Textures/Nameplates/Icon/ScarabHeart_Icon.ScarabHeart_Icon',Texture2D'/Game/ReDestiny/Textures/Nameplates/BG/ScarabHeart_BG.ScarabHeart_BG',0
ScarOfRadegast,Scar of Radegast,Unknown,Legendary,Texture2D'/Game/ReDestiny/Textures/Nameplates/Icon/ScarOfRadegast_Icon.ScarOfRadegast_Icon',Texture2D'/Game/ReDestiny/Textures/Nameplates/BG/ScarOfRadegast_BG.ScarOfRadegast_BG',0
Scholar'sQuest,Scholar's Quest,Unknown,Uncommon,Texture2D'/Game/ReDestiny/Textures/Nameplates/Icon/Scholar_sQuest_Icon.Scholar_sQuest_Icon',Texture2D'/Game/ReDestiny/Textures/Nameplates/BG/Scholar_sQuest_BG.Scholar_sQuest_BG',0
Sentinel'sCrest,Sentinel's Crest,Unknown,Legendary,Texture2D'/Game/ReDestiny/Textures/Nameplates/Icon/Sentinel_sCrest_Icon.Sentinel_sCrest_Icon',Texture2D'/Game/ReDestiny/Textures/Nameplates/BG/Sentinel_sCrest_BG.Sentinel_sCrest_BG',2
ShelteredTruth,Sheltered Truth,Vendor,Uncommon,Texture2D'/Game/ReDestiny/Textures/Nameplates/Icon/ShelteredTruth_Icon.ShelteredTruth_Icon',Texture2D'/Game/ReDestiny/Textures/Nameplates/BG/ShelteredTruth_BG.ShelteredTruth_BG',0
ShelteredTruthII,Sheltered Truth II,Vendor,Uncommon,Texture2D'/Game/ReDestiny/Textures/Nameplates/Icon/ShelteredTruthII_Icon.ShelteredTruthII_Icon',Texture2D'/Game/ReDestiny/Textures/Nameplates/BG/ShelteredTruthII_BG.ShelteredTruthII_BG',0
ShieldOfHeroes,Shield of Heroes,Unknown,Uncommon,Texture2D'/Game/ReDestiny/Textures/Nameplates/Icon/ShieldOfHeroes_Icon.ShieldOfHeroes_Icon',Texture2D'/Game/ReDestiny/Textures/Nameplates/BG/ShieldOfHeroes_BG.ShieldOfHeroes_BG',0
ShieldOfLegends,Shield of Legends,Unknown,Rare,Texture2D'/Game/ReDestiny/Textures/Nameplates/Icon/ShieldOfLegends_Icon.ShieldOfLegends_Icon',Texture2D'/Game/ReDestiny/Textures/Nameplates/BG/ShieldOfLegends_BG.ShieldOfLegends_BG',0
ShieldOfMythics,Shield of Mythics,Unknown,Legendary,Texture2D'/Game/ReDestiny/Textures/Nameplates/Icon/ShieldOfMythics_Icon.ShieldOfMythics_Icon',Texture2D'/Game/ReDestiny/Textures/Nameplates/BG/ShieldOfMythics_BG.ShieldOfMythics_BG',0
ShieldOfTheCity,Shield of the City,Unknown,Legendary,Texture2D'/Game/ReDestiny/Textures/Nameplates/Icon/ShieldOfTheCity_Icon.ShieldOfTheCity_Icon',Texture2D'/Game/ReDestiny/Textures/Nameplates/BG/ShieldOfTheCity_BG.ShieldOfTheCity_BG',0
ShieldOfTheKnight,Shield of the Knight,Unknown,Rare,Texture2D'/Game/ReDestiny/Textures/Nameplates/Icon/ShieldOfTheKnight_Icon.ShieldOfTheKnight_Icon',Texture2D'/Game/ReDestiny/Textures/Nameplates/BG/ShieldOfTheKnight_BG.ShieldOfTheKnight_BG',0
ShieldOfTheTraveler,Shield of the Traveler,Unknown,Legendary,Texture2D'/Game/ReDestiny/Textures/Nameplates/Icon/ShieldOfTheTraveler_Icon.ShieldOfTheTraveler_Icon',Texture2D'/Game/ReDestiny/Textures/Nameplates/BG/ShieldOfTheTraveler_BG.ShieldOfTheTraveler_BG',0
ShieldOfTheWarlord,Shield of the Warlord,Unknown,Rare,Texture2D'/Game/ReDestiny/Textures/Nameplates/Icon/ShieldOfTheWarlord_Icon.ShieldOfTheWarlord_Icon',Texture2D'/Game/ReDestiny/Textures/Nameplates/BG/ShieldOfTheWarlord_BG.ShieldOfTheWarlord_BG',0
SigilOfDeviance,Sigil of Deviance,Unknown,Legendary,Texture2D'/Game/ReDestiny/Textures/Nameplates/Icon/SigilOfDeviance_Icon.SigilOfDeviance_Icon',Texture2D'/Game/ReDestiny/Textures/Nameplates/BG/SigilOfDeviance_BG.SigilOfDeviance_BG',0
SigilOfNight,Sigil of Night,Unknown,Uncommon,Texture2D'/Game/ReDestiny/Textures/Nameplates/Icon/SigilOfNight_Icon.SigilOfNight_Icon',Texture2D'/Game/ReDestiny/Textures/Nameplates/BG/SigilOfNight_BG.SigilOfNight_BG',1
SigilOfTheBurningDawn,Sigil of the BurningDawn,Unknown,Rare,Texture2D'/Game/ReDestiny/Textures/Nameplates/Icon/SigilOfTheWarCult_Icon.SigilOfTheWarCult_Icon',Texture2D'/Game/ReDestiny/Textures/Nameplates/BG/SigilOfTheWarCult_BG.SigilOfTheWarCult_BG',0
SigilOfTheComingWar,Sigil of the Coming War,Unknown,Legendary,Texture2D'/Game/ReDestiny/Textures/Nameplates/Icon/SigilOfTheComingWar_Icon.SigilOfTheComingWar_Icon',Texture2D'/Game/ReDestiny/Textures/Nameplates/BG/SigilOfTheComingWar_BG.SigilOfTheComingWar_BG',0
SigilOfTheEternalNight,Sigil of the EternalNight,Unknown,Rare,Texture2D'/Game/ReDestiny/Textures/Nameplates/Icon/SigilOfTheWarCult_Icon.SigilOfTheWarCult_Icon',Texture2D'/Game/ReDestiny/Textures/Nameplates/BG/SigilOfTheWarCult_BG.SigilOfTheWarCult_BG',0
SigilOfTheIronLords,Sigil of the IronLords,Unknown,Legendary,Texture2D'/Game/ReDestiny/Textures/Nameplates/Icon/SigilOfTheIronLords_Icon.SigilOfTheIronLords_Icon',Texture2D'/Game/ReDestiny/Textures/Nameplates/BG/SigilOfTheIronLords_BG.SigilOfTheIronLords_BG',0
SigilOfSeven,Sigil of Seven,Vendor,Rare,Texture2D'/Game/ReDestiny/Textures/Nameplates/Icon/SigilOfSeven_Icon.SigilOfSeven_Icon',Texture2D'/Game/ReDestiny/Textures/Nameplates/BG/SigilOfSeven_BG.SigilOfSeven_BG',0
SigilOfTheWarCult,Sigil of the WarCult,Unknown,Uncommon,Texture2D'/Game/ReDestiny/Textures/Nameplates/Icon/SigilOfTheWarCult_Icon.SigilOfTheWarCult_Icon',Texture2D'/Game/ReDestiny/Textures/Nameplates/BG/SigilOfTheWarCult_BG.SigilOfTheWarCult_BG',0
SigilOfTheWarCultII,Sigil of the WarCult II,Unknown,Uncommon,Texture2D'/Game/ReDestiny/Textures/Nameplates/Icon/SigilOfTheWarCultII_Icon.SigilOfTheWarCultII_Icon',Texture2D'/Game/ReDestiny/Textures/Nameplates/BG/SigilOfTheWarCultII_BG.SigilOfTheWarCultII_BG',0
SigilOfTheYoungWolf,Sigil of the Young Wolf,Unknown,Legendary,Texture2D'/Game/ReDestiny/Textures/Nameplates/Icon/SigilOfTheYoungWolf_Icon.SigilOfTheYoungWolf_Icon',Texture2D'/Game/ReDestiny/Textures/Nameplates/BG/SigilOfTheYoungWolf_BG.SigilOfTheYoungWolf_BG',0
SignetOfSpeed,Signet of Speed,Unknown,Legendary,Texture2D'/Game/ReDestiny/Textures/Nameplates/Icon/SignetOfSpeed_Icon.SignetOfSpeed_Icon',Texture2D'/Game/ReDestiny/Textures/Nameplates/BG/SignetOfSpeed_BG.SignetOfSpeed_BG',0
SignOfContainment,Sign of Containment,Unknown,Uncommon,Texture2D'/Game/ReDestiny/Textures/Nameplates/Icon/SignOfContainment_Icon.SignOfContainment_Icon',Texture2D'/Game/ReDestiny/Textures/Nameplates/BG/SignOfContainment_BG.SignOfContainment_BG',0
SignOfDuality,Sign of Duality,Unknown,Uncommon,Texture2D'/Game/ReDestiny/Textures/Nameplates/Icon/SignOfDuality_Icon.SignOfDuality_Icon',Texture2D'/Game/ReDestiny/Textures/Nameplates/BG/SignOfDuality_BG.SignOfDuality_BG',0
SignOfMomentum,Sign of Momentum,Unknown,Legendary,Texture2D'/Game/ReDestiny/Textures/Nameplates/Icon/SignOfMomentum_Icon.SignOfMomentum_Icon',Texture2D'/Game/ReDestiny/Textures/Nameplates/BG/SignOfMomentum_BG.SignOfMomentum_BG',0
SignOfOpposingWill,Sign of Opposing Will,Unknown,Uncommon,Texture2D'/Game/ReDestiny/Textures/Nameplates/Icon/SignOfOpposingWill_Icon.SignOfOpposingWill_Icon',Texture2D'/Game/ReDestiny/Textures/Nameplates/BG/SignOfOpposingWill_BG.SignOfOpposingWill_BG',0
SignOfTheAncients,Sign of the Ancients,Unknown,Uncommon,Texture2D'/Game/ReDestiny/Textures/Nameplates/Icon/SignOfTheAncients_Icon.SignOfTheAncients_Icon',Texture2D'/Game/ReDestiny/Textures/Nameplates/BG/SignOfTheAncients_BG.SignOfTheAncients_BG',0
SignOfTheBattleborn,Sign of the Battleborn,Unknown,Legendary,Texture2D'/Game/ReDestiny/Textures/Nameplates/Icon/SignOfTheBattleborn_Icon.SignOfTheBattleborn_Icon',Texture2D'/Game/ReDestiny/Textures/Nameplates/BG/SignOfTheBattleborn_BG.SignOfTheBattleborn_BG',0
SignOfTheElders,Sign of the Elders,Unknown,Uncommon,Texture2D'/Game/ReDestiny/Textures/Nameplates/Icon/SignOfTheElders_Icon.SignOfTheElders_Icon',Texture2D'/Game/ReDestiny/Textures/Nameplates/BG/SignOfTheElders_BG.SignOfTheElders_BG',0
SignOfTheFinite,Sign of the Finite,Unknown,Uncommon,Texture2D'/Game/ReDestiny/Textures/Nameplates/Icon/SignOfTheFinite_Icon.SignOfTheFinite_Icon',Texture2D'/Game/ReDestiny/Textures/Nameplates/BG/SignOfTheFinite_BG.SignOfTheFinite_BG',0
SignOfTheFounders,Sign of the Founders,Unknown,Uncommon,Texture2D'/Game/ReDestiny/Textures/Nameplates/Icon/SignOfTheFounders_Icon.SignOfTheFounders_Icon',Texture2D'/Game/ReDestiny/Textures/Nameplates/BG/SignOfTheFounders_BG.SignOfTheFounders_BG',0
SignOfTheInfinite,Sign of the Infinite,Unknown,Legendary,Texture2D'/Game/ReDestiny/Textures/Nameplates/Icon/SignOfTheInfinite_Icon.SignOfTheInfinite_Icon',Texture2D'/Game/ReDestiny/Textures/Nameplates/BG/SignOfTheInfinite_BG.SignOfTheInfinite_BG',0
SignOfTheProtectorate,Sign of the Protectorate,Unknown,Uncommon,Texture2D'/Game/ReDestiny/Textures/Nameplates/Icon/SignOfTheProtectorate_Icon.SignOfTheProtectorate_Icon',Texture2D'/Game/ReDestiny/Textures/Nameplates/BG/SignOfTheProtectorate_BG.SignOfTheProtectorate_BG',0
SignOfUnity,Sign of Unity,Unknown,Uncommon,Texture2D'/Game/ReDestiny/Textures/Nameplates/Icon/SignOfUnity_Icon.SignOfUnity_Icon',Texture2D'/Game/ReDestiny/Textures/Nameplates/BG/SignOfUnity_BG.SignOfUnity_BG',0
SilentScream,Silent Scream,TTK,Rare,Texture2D'/Game/ReDestiny/Textures/Nameplates/Icon/SilentScream_Icon.SilentScream_Icon',Texture2D'/Game/ReDestiny/Textures/Nameplates/BG/SilentScream_BG.SilentScream_BG',0
SolarLabor,Solar Labor,Unknown,Legendary,Texture2D'/Game/ReDestiny/Textures/Nameplates/Icon/SolarLabor_Icon.SolarLabor_Icon',Texture2D'/Game/ReDestiny/Textures/Nameplates/BG/SolarLabor_BG.SolarLabor_BG',0
Sommersong,Sommersong,Unknown,Legendary,Texture2D'/Game/ReDestiny/Textures/Nameplates/Icon/Sommersong_Icon.Sommersong_Icon',Texture2D'/Game/ReDestiny/Textures/Nameplates/BG/Sommersong_BG.Sommersong_BG',0
SongOfTheSpheres,Song of the Spheres,Unknown,Rare,Texture2D'/Game/ReDestiny/Textures/Nameplates/Icon/SongOfTheSpheres_Icon.SongOfTheSpheres_Icon',Texture2D'/Game/ReDestiny/Textures/Nameplates/BG/SongOfTheSpheres_BG.SongOfTheSpheres_BG',0
SpectrumTheory,Spectrum Theory,TTK,Legendary,Texture2D'/Game/ReDestiny/Textures/Nameplates/Icon/SpectrumTheory_Icon.SpectrumTheory_Icon',Texture2D'/Game/ReDestiny/Textures/Nameplates/BG/SpectrumTheory_BG.SpectrumTheory_BG',0
StarOfDawn,Star of Dawn,Unknown,Legendary,Texture2D'/Game/ReDestiny/Textures/Nameplates/Icon/StarOfDawn_Icon.StarOfDawn_Icon',Texture2D'/Game/ReDestiny/Textures/Nameplates/BG/StarOfDawn_BG.StarOfDawn_BG',0
StarOfModeration,Star of Moderation,Unknown,Legendary,Texture2D'/Game/ReDestiny/Textures/Nameplates/Icon/StarOfModeration_Icon.StarOfModeration_Icon',Texture2D'/Game/ReDestiny/Textures/Nameplates/BG/StarOfModeration_BG.StarOfModeration_BG',0
SunOfOsiris,Sun of Osiris,Unknown,Legendary,Texture2D'/Game/ReDestiny/Textures/Nameplates/Icon/SunOfOsiris_Icon.SunOfOsiris_Icon',Texture2D'/Game/ReDestiny/Textures/Nameplates/BG/SunOfOsiris_BG.SunOfOsiris_BG',0
SunsetCity,Sunset City,Unknown,Legendary,Texture2D'/Game/ReDestiny/Textures/Nameplates/Icon/SunsetCity_Icon.SunsetCity_Icon',Texture2D'/Game/ReDestiny/Textures/Nameplates/BG/SunsetCity_BG.SunsetCity_BG',0
Suros,Suros,Vendor,Uncommon,Texture2D'/Game/ReDestiny/Textures/Nameplates/Icon/Suros_Icon.Suros_Icon',Texture2D'/Game/ReDestiny/Textures/Nameplates/BG/Suros_BG.Suros_BG',0
SUROSFire,SUROS Fire,Unknown,Legendary,Texture2D'/Game/ReDestiny/Textures/Nameplates/Icon/SUROSFire_Icon.SUROSFire_Icon',Texture2D'/Game/ReDestiny/Textures/Nameplates/BG/SUROSFire_BG.SUROSFire_BG',0
SwordsOfDawn,Swords of Dawn,Unknown,Legendary,Texture2D'/Game/ReDestiny/Textures/Nameplates/Icon/SwordsOfDawn_Icon.SwordsOfDawn_Icon',Texture2D'/Game/ReDestiny/Textures/Nameplates/BG/SwordsOfDawn_BG.SwordsOfDawn_BG',0
SymbolOfTheMagister,Symbol of the Magister,Unknown,Rare,Texture2D'/Game/ReDestiny/Textures/Nameplates/Icon/SymbolOfTheMagister_Icon.SymbolOfTheMagister_Icon',Texture2D'/Game/ReDestiny/Textures/Nameplates/BG/SymbolOfTheMagister_BG.SymbolOfTheMagister_BG',0
SymbolOfTheSorcerer,Symbol of the Sorcerer,Unknown,Rare,Texture2D'/Game/ReDestiny/Textures/Nameplates/Icon/SymbolOfTheSorcerer_Icon.SymbolOfTheSorcerer_Icon',Texture2D'/Game/ReDestiny/Textures/Nameplates/BG/SymbolOfTheSorcerer_BG.SymbolOfTheSorcerer_BG',0
SymbolOfTheWolf,Symbol of the Wolf,Vendor,Rare,Texture2D'/Game/ReDestiny/Textures/Nameplates/Icon/SymbolOfTheWolf_Icon.SymbolOfTheWolf_Icon',Texture2D'/Game/ReDestiny/Textures/Nameplates/BG/SymbolOfTheWolf_BG.SymbolOfTheWolf_BG',0
TexMechanica,Tex Mechanica,Vendor,Uncommon,Texture2D'/Game/ReDestiny/Textures/Nameplates/Icon/TexMechanica_Icon.TexMechanica_Icon',Texture2D'/Game/ReDestiny/Textures/Nameplates/BG/TexMechanica_BG.TexMechanica_BG',0
TheAscendant,The Ascendant,Unknown,Legendary,Texture2D'/Game/ReDestiny/Textures/Nameplates/Icon/TheAscendant_Icon.TheAscendant_Icon',Texture2D'/Game/ReDestiny/Textures/Nameplates/BG/TheAscendant_BG.TheAscendant_BG',0
TheConvergence,The Convergence,Unknown,Rare,Texture2D'/Game/ReDestiny/Textures/Nameplates/Icon/TheConvergence_Icon.TheConvergence_Icon',Texture2D'/Game/ReDestiny/Textures/Nameplates/BG/TheConvergence_BG.TheConvergence_BG',0
TheEntertainer,The Entertainer,Unknown,Legendary,Texture2D'/Game/ReDestiny/Textures/Nameplates/Icon/TheEntertainer_Icon.TheEntertainer_Icon',Texture2D'/Game/ReDestiny/Textures/Nameplates/BG/TheEntertainer_BG.TheEntertainer_BG',0
TheInexorable,The Inexorable,Unknown,Legendary,Texture2D'/Game/ReDestiny/Textures/Nameplates/Icon/TheInexorable_Icon.TheInexorable_Icon',Texture2D'/Game/ReDestiny/Textures/Nameplates/BG/TheInexorable_BG.TheInexorable_BG',0
TheInnerChamber,The Inner Chamber,Unknown,Rare,Texture2D'/Game/ReDestiny/Textures/Nameplates/Icon/TheInnerChamber_Icon.TheInnerChamber_Icon',Texture2D'/Game/ReDestiny/Textures/Nameplates/BG/TheInnerChamber_BG.TheInnerChamber_BG',0
TheInnerCircle,The Inner Circle,Unknown,Legendary,Texture2D'/Game/ReDestiny/Textures/Nameplates/Icon/TheInnerCircle_Icon.TheInnerCircle_Icon',Texture2D'/Game/ReDestiny/Textures/Nameplates/BG/TheInnerCircle_BG.TheInnerCircle_BG',0
TheIronwoodTree,The Ironwood Tree,Unknown,Legendary,Texture2D'/Game/ReDestiny/Textures/Nameplates/Icon/TheIronwoodTree_Icon.TheIronwoodTree_Icon',Texture2D'/Game/ReDestiny/Textures/Nameplates/BG/TheIronwoodTree_BG.TheIronwoodTree_BG',0
TheLivingWall,The Living Wall,Unknown,Legendary,Texture2D'/Game/ReDestiny/Textures/Nameplates/Icon/TheLivingWall_Icon.TheLivingWall_Icon',Texture2D'/Game/ReDestiny/Textures/Nameplates/BG/TheLivingWall_BG.TheLivingWall_BG',0
TheNewWolfPack,The New Wolf Pack,Unknown,Legendary,Texture2D'/Game/ReDestiny/Textures/Nameplates/Icon/TheNewWolfPack_Icon.TheNewWolfPack_Icon',Texture2D'/Game/ReDestiny/Textures/Nameplates/BG/TheNewWolfPack_BG.TheNewWolfPack_BG',0
TheObelisk,The Obelisk,Vendor,Uncommon,Texture2D'/Game/ReDestiny/Textures/Nameplates/Icon/TheObelisk_Icon.TheObelisk_Icon',Texture2D'/Game/ReDestiny/Textures/Nameplates/BG/TheObelisk_BG.TheObelisk_BG',0
TheObeliskII,The Obelisk II,Vendor,Uncommon,Texture2D'/Game/ReDestiny/Textures/Nameplates/Icon/TheObeliskII_Icon.TheObeliskII_Icon',Texture2D'/Game/ReDestiny/Textures/Nameplates/BG/TheObeliskII_BG.TheObeliskII_BG',0
ThePerfectShot,The Perfect Shot,Unknown,Legendary,Texture2D'/Game/ReDestiny/Textures/Nameplates/Icon/ThePerfectShot_Icon.ThePerfectShot_Icon',Texture2D'/Game/ReDestiny/Textures/Nameplates/BG/ThePerfectShot_BG.ThePerfectShot_BG',0
ThePitilessBargain,The Pitiless Bargain,Unknown,Legendary,Texture2D'/Game/ReDestiny/Textures/Nameplates/Icon/ThePitilessBargain_Icon.ThePitilessBargain_Icon',Texture2D'/Game/ReDestiny/Textures/Nameplates/BG/ThePitilessBargain_BG.ThePitilessBargain_BG',0
TheReflectiveProof,The Reflective Proof,Unknown,Uncommon,Texture2D'/Game/ReDestiny/Textures/Nameplates/Icon/TheReflectiveProof_Icon.TheReflectiveProof_Icon',Texture2D'/Game/ReDestiny/Textures/Nameplates/BG/TheReflectiveProof_BG.TheReflectiveProof_BG',0
TheRising,The Rising,Vendor,Uncommon,Texture2D'/Game/ReDestiny/Textures/Nameplates/Icon/TheRising_Icon.TheRising_Icon',Texture2D'/Game/ReDestiny/Textures/Nameplates/BG/TheRising_BG.TheRising_BG',0
TheRisingNight,The Rising Night,Vendor,Uncommon,Texture2D'/Game/ReDestiny/Textures/Nameplates/Icon/TheRisingNight_Icon.TheRisingNight_Icon',Texture2D'/Game/ReDestiny/Textures/Nameplates/BG/TheRisingNight_BG.TheRisingNight_BG',0
TheSIVASolution,The SIVA Solution,Unknown,Legendary,Texture2D'/Game/ReDestiny/Textures/Nameplates/Icon/TheSIVASolution_Icon.TheSIVASolution_Icon',Texture2D'/Game/ReDestiny/Textures/Nameplates/BG/TheSIVASolution_BG.TheSIVASolution_BG',0
TheUndyingLight,The Undying Light,Unknown,Legendary,Texture2D'/Game/ReDestiny/Textures/Nameplates/Icon/TheUndyingLight_Icon.TheUndyingLight_Icon',Texture2D'/Game/ReDestiny/Textures/Nameplates/BG/TheUndyingLight_BG.TheUndyingLight_BG',0
TheUnimaginedPlane,The Unimagined Plane,Unknown,Uncommon,Texture2D'/Game/ReDestiny/Textures/Nameplates/Icon/TheUnimaginedPlane_Icon.TheUnimaginedPlane_Icon',Texture2D'/Game/ReDestiny/Textures/Nameplates/BG/TheUnimaginedPlane_BG.TheUnimaginedPlane_BG',0
TheWindingPath,The Winding Path,Unknown,Uncommon,Texture2D'/Game/ReDestiny/Textures/Nameplates/Icon/TheWindingPath_Icon.TheWindingPath_Icon',Texture2D'/Game/ReDestiny/Textures/Nameplates/BG/TheWindingPath_BG.TheWindingPath_BG',0
ThoriumLeaf,Thorium Leaf,Vendor,Rare,Texture2D'/Game/ReDestiny/Textures/Nameplates/Icon/ThoriumLeaf_Icon.ThoriumLeaf_Icon',Texture2D'/Game/ReDestiny/Textures/Nameplates/BG/ThoriumLeaf_BG.ThoriumLeaf_BG',0
TipOfTheSpear,Tip of the Spear,Unknown,Rare,Texture2D'/Game/ReDestiny/Textures/Nameplates/Icon/TipOfTheSpear_Icon.TipOfTheSpear_Icon',Texture2D'/Game/ReDestiny/Textures/Nameplates/BG/TipOfTheSpear_BG.TipOfTheSpear_BG',0
Transcendence,Transcendence,Unknown,Rare,Texture2D'/Game/ReDestiny/Textures/Nameplates/Icon/Transcendence_Icon.Transcendence_Icon',Texture2D'/Game/ReDestiny/Textures/Nameplates/BG/Transcendence_BG.Transcendence_BG',0
UnionOfLight,Union of Light,Unknown,Legendary,Texture2D'/Game/ReDestiny/Textures/Nameplates/Icon/UnionOfLight_Icon.UnionOfLight_Icon',Texture2D'/Game/ReDestiny/Textures/Nameplates/BG/UnionOfLight_BG.UnionOfLight_BG',0
VanguardHonor,Vanguard Honor,Unknown,Uncommon,Texture2D'/Game/ReDestiny/Textures/Nameplates/Icon/VanguardHonor_Icon.VanguardHonor_Icon',Texture2D'/Game/ReDestiny/Textures/Nameplates/BG/VanguardHonor_BG.VanguardHonor_BG',0
VanguardInsignia,Vanguard Insignia,Unknown,Rare,Texture2D'/Game/ReDestiny/Textures/Nameplates/Icon/VanguardInsignia_Icon.VanguardInsignia_Icon',Texture2D'/Game/ReDestiny/Textures/Nameplates/BG/VanguardInsignia_BG.VanguardInsignia_BG',0
Verisimilitude,Verisimilitude,TTK,Rare,Texture2D'/Game/ReDestiny/Textures/Nameplates/Icon/Verisimilitude_Icon.Verisimilitude_Icon',Texture2D'/Game/ReDestiny/Textures/Nameplates/BG/Verisimilitude_BG.Verisimilitude_BG',0
VeteranCrest,Veteran Crest,Unknown,Uncommon,Texture2D'/Game/ReDestiny/Textures/Nameplates/Icon/VeteranCrest_Icon.VeteranCrest_Icon',Texture2D'/Game/ReDestiny/Textures/Nameplates/BG/VeteranCrest_BG.VeteranCrest_BG',0
VictoryEagleII,Victory Eagle II,Vendor,Rare,Texture2D'/Game/ReDestiny/Textures/Nameplates/Icon/VictoryEagleII_Icon.VictoryEagleII_Icon',Texture2D'/Game/ReDestiny/Textures/Nameplates/BG/VictoryEagleII_BG.VictoryEagleII_BG',0
VigilamusNoctu,Vigilamus Noctu,Unknown,Legendary,Texture2D'/Game/ReDestiny/Textures/Nameplates/Icon/VigilamusNoctu_Icon.VigilamusNoctu_Icon',Texture2D'/Game/ReDestiny/Textures/Nameplates/BG/VigilamusNoctu_BG.VigilamusNoctu_BG',0
VigilantDisciple,Vigilant Disciple,Unknown,Legendary,Texture2D'/Game/ReDestiny/Textures/Nameplates/Icon/VigilantDisciple_Icon.VigilantDisciple_Icon',Texture2D'/Game/ReDestiny/Textures/Nameplates/BG/VigilantDisciple_BG.VigilantDisciple_BG',0
Vosik'sVenom,Vosik's Venom,Unknown,Legendary,Texture2D'/Game/ReDestiny/Textures/Nameplates/Icon/Vosik_sVenom_Icon.Vosik_sVenom_Icon',Texture2D'/Game/ReDestiny/Textures/Nameplates/BG/Vosik_sVenom_BG.Vosik_sVenom_BG',0
Winner'sCircle,Winner's Circle,Unknown,Legendary,Texture2D'/Game/ReDestiny/Textures/Nameplates/Icon/Winner_sCircle_Icon.Winner_sCircle_Icon',Texture2D'/Game/ReDestiny/Textures/Nameplates/BG/Winner_sCircle_BG.Winner_sCircle_BG',0
WinterbornMark,Winterborn Mark,Vendor,Rare,Texture2D'/Game/ReDestiny/Textures/Nameplates/Icon/WinterbornMark_Icon.WinterbornMark_Icon',Texture2D'/Game/ReDestiny/Textures/Nameplates/BG/WinterbornMark_BG.WinterbornMark_BG',0
Wolfhunter,Wolfhunter,Unknown,Legendary,Texture2D'/Game/ReDestiny/Textures/Nameplates/Icon/Wolfhunter_Icon.Wolfhunter_Icon',Texture2D'/Game/ReDestiny/Textures/Nameplates/BG/Wolfhunter_BG.Wolfhunter_BG',0
Wolfsgrin,Wolfsgrin,TTK,Rare,Texture2D'/Game/ReDestiny/Textures/Nameplates/Icon/Wolfsgrin_Icon.Wolfsgrin_Icon',Texture2D'/Game/ReDestiny/Textures/Nameplates/BG/Wolfsgrin_BG.Wolfsgrin_BG',1
WorldDomination,World Domination,Unknown,Rare,Texture2D'/Game/ReDestiny/Textures/Nameplates/Icon/WorldDomination_Icon.WorldDomination_Icon',Texture2D'/Game/ReDestiny/Textures/Nameplates/BG/WorldDomination_BG.WorldDomination_BG',0
WormGods'Servant,Worm Gods' Servant,Unknown,Legendary,Texture2D'/Game/ReDestiny/Textures/Nameplates/Icon/WormGods_Servant_Icon.WormGods_Servant_Icon',Texture2D'/Game/ReDestiny/Textures/Nameplates/BG/WormGods_Servant_BG.WormGods_Servant_BG',0